{
    "masterVolume": 0.24743936955928803,
    "bgmVolume": 0.4999999701976776,
    "sfxVolume": 0.4999999701976776
}