{
    "masterVolume": 0.2605655789375305,
    "bgmVolume": 0.4999999701976776,
    "sfxVolume": 0.4999999701976776
}