{
    "masterVolume": 0.2616347074508667,
    "bgmVolume": 0.4999999701976776,
    "sfxVolume": 0.4999999701976776
}