{
    "masterVolume": 0.08558250218629837,
    "bgmVolume": 0.4999999701976776,
    "sfxVolume": 0.4999999701976776
}