{
    "masterVolume": 0.37897515296936037,
    "bgmVolume": 0.4999999701976776,
    "sfxVolume": 0.4999999701976776
}